,name,lng,lat,geometry,x,y
0,北京市,116.4011447,39.90277565,POINT (12957716.155758156 4851823.944003056),12957716.155758156,4851823.944003056
1,天津市,117.1952119,39.08431231,POINT (13046111.312117796 4733755.7932475135),13046111.312117796,4733755.7932475135
2,石家庄市,114.5090029,38.04138817,POINT (12747083.894073486 4585274.224190383),12747083.894073486,4585274.224190383
3,唐山市,118.1738708,39.62937201,POINT (13155055.1225261 4812228.8989649415),13155055.1225261,4812228.8989649415
4,秦皇岛市,119.514248,39.88701396,POINT (13304265.229901014 4849537.0145041635),13304265.229901014,4849537.0145041635
5,邯郸市,114.5334229,36.62577009,POINT (12749802.316038659 4387071.544986494),12749802.316038659,4387071.544986494
6,邢台市,114.4914859,37.05973475,POINT (12745133.910553262 4447436.314960547),12745133.910553262,4447436.314960547
7,保定市,115.4582042,38.87357544,POINT (12852748.499449799 4703578.484085335),12852748.499449799,4703578.484085335
8,张家口市,114.8797852,40.76764722,POINT (12788359.190904647 4978129.855145907),12788359.190904647,4978129.855145907
9,承德市,117.9564223,40.95136145,POINT (13130848.86623234 5005170.133718912),13130848.86623234,5005170.133718912
10,沧州市,116.8329248,38.30411744,POINT (13005781.696624823 4622476.937060353),13005781.696624823,4622476.937060353
11,廊坊市,116.6776308,39.53720313,POINT (12988494.447621573 4798916.057548346),12988494.447621573,4798916.057548346
12,衡水市,115.6631001,37.73872761,POINT (12875557.40670343 4542582.251866503),12875557.40670343,4542582.251866503
13,太原市,112.5433586,37.86992738,POINT (12528269.371516787 4561067.174625457),12528269.371516787,4561067.174625457
14,大同市,113.3595776,40.09579121,POINT (12619130.45497258 4879872.176758796),12619130.45497258,4879872.176758796
15,阳泉市,113.574024,37.85659103,POINT (12643002.519023031 4559186.696619666),12643002.519023031,4559186.696619666
16,长治市,113.11073,36.19497617,POINT (12591428.866855454 4327483.064445211),12591428.866855454,4327483.064445211
17,晋城市,112.8459135,35.49172968,POINT (12561949.628921796 4230907.664125244),12561949.628921796,4230907.664125244
18,朔州市,112.4260595,39.33057255,POINT (12515211.695434276 4769134.480153635),12515211.695434276,4769134.480153635
19,晋中市,112.7461408,37.68732529,POINT (12550842.982762726 4535349.041431567),12550842.982762726,4535349.041431567
20,运城市,111.0012384,35.02740769,POINT (12356601.336110765 4167606.3637110507),12356601.336110765,4167606.3637110507
21,忻州市,112.7275807,38.41537721,POINT (12548776.881881654 4638272.010473715),12548776.881881654,4638272.010473715
22,临汾市,111.5130932,36.08870515,POINT (12413580.751806857 4312833.938591524),12413580.751806857,4312833.938591524
23,吕梁市,111.1381777,37.51821906,POINT (12371845.349256352 4511588.115135519),12371845.349256352,4511588.115135519
24,呼和浩特市,111.7418961,40.84068016,POINT (12439050.974126883 4988870.349455131),12439050.974126883,4988870.349455131
25,包头市,109.9474639,40.62020975,POINT (12239295.695359828 4956483.058803518),12239295.695359828,4956483.058803518
26,乌海市,106.7893897,39.6541054,POINT (11887740.483528454 4815804.398111943),11887740.483528454,4815804.398111943
27,赤峰市,118.8814422,42.25494093,POINT (13233821.610473985 5199245.190602019),13233821.610473985,5199245.190602019
28,通辽市,122.2377562,43.65120414,POINT (13607444.77589632 5411622.929498538),13607444.77589632,5411622.929498538
29,鄂尔多斯市,109.776762,39.60772729,POINT (12220293.246774385 4809100.951588849),12220293.246774385,4809100.951588849
30,呼伦贝尔市,119.771145,49.1646069,POINT (13332862.873127334 6302838.03539467),13332862.873127334,6302838.03539467
31,巴彦淖尔市,107.382173,40.74153963,POINT (11953728.818635209 4974293.241080995),11953728.818635209,4974293.241080995
32,乌兰察布市,113.1249596,40.99275782,POINT (12593012.898681644 5011273.502630459),12593012.898681644,5011273.502630459
33,兴安盟,122.0316697,46.08040111,POINT (13584503.33165695 5793242.929064602),13584503.33165695,5793242.929064602
34,锡林郭勒盟,116.0405496,43.93102711,POINT (12917574.892843606 5454774.666463762),12917574.892843606,5454774.666463762
35,阿拉善盟,105.7248653,38.85098879,POINT (11769238.169383438 4700349.416020071),11769238.169383438,4700349.416020071
36,沈阳市,123.4586309,41.67522401,POINT (13743351.92582271 5112453.047178278),13743351.92582271,5112453.047178278
37,大连市,121.6098427,38.91318469,POINT (13537545.7648141 4709243.642522048),13537545.7648141,4709243.642522048
38,鞍山市,122.9886841,41.1063202,POINT (13691037.68734678 5028036.540047164),13691037.68734678,5028036.540047164
39,抚顺市,123.9512776,41.87915509,POINT (13798193.105607696 5142894.616030688),13798193.105607696,5142894.616030688
40,本溪市,123.679153,41.48470308,POINT (13767900.333703373 5084100.291545223),13767900.333703373,5084100.291545223
41,丹东市,124.3486477,39.99910056,POINT (13842428.142796168 4865811.576194424),13842428.142796168,4865811.576194424
42,锦州市,121.1212159,41.09406425,POINT (13483152.07825015 5026226.035281803),13483152.07825015,5026226.035281803
43,营口市,122.2139603,40.62347585,POINT (13604795.828425353 4956962.069997079),13604795.828425353,4956962.069997079
44,阜新市,121.6646434,42.01991762,POINT (13543646.150833212 5163963.474024062),13543646.150833212,5163963.474024062
45,辽阳市,123.2339329,41.26532931,POINT (13718338.658880442 5051556.80119359),13718338.658880442,5051556.80119359
46,盘锦市,122.1654142,40.71786678,POINT (13599391.701293353 4970815.723321611),13599391.701293353,4970815.723321611
47,铁岭市,123.7199971,42.22148208,POINT (13772447.078117283 5194214.34055024),13772447.078117283,5194214.34055024
48,朝阳市,120.4832685,41.59965834,POINT (13412136.098529257 5101197.577757354),13412136.098529257,5101197.577757354
49,葫芦岛市,120.8316077,40.70952493,POINT (13450913.040896596 4969590.608662316),13450913.040896596,4969590.608662316
50,长春市,125.3171363,43.81454428,POINT (13950239.80058726 5436787.194465185),13950239.80058726,5436787.194465185
51,吉林市,126.5440295,43.83587884,POINT (14086816.92686899 5440079.084362066),14086816.92686899,5440079.084362066
52,四平市,124.3443937,43.16418693,POINT (13841954.589682335 5336996.256375242),13841954.589682335,5336996.256375242
53,辽源市,125.1382808,42.88544305,POINT (13930329.697401684 5294551.3343920745),13930329.697401684,5294551.3343920745
54,通化市,125.934064,41.72614685,POINT (14018915.878007526 5120045.433500944),14018915.878007526,5120045.433500944
55,白山市,126.4084072,41.94161921,POINT (14071719.521492777 5152238.292521276),14071719.521492777,5152238.292521276
56,松原市,124.819034,45.13994034,POINT (13894791.3061883 5643579.198673499),13894791.3061883,5643579.198673499
57,白城市,122.832229,45.61822118,POINT (13673621.18528277 5719378.555470226),13673621.18528277,5719378.555470226
58,延边朝鲜族自治州,129.4635379,42.90684896,POINT (14411815.115323676 5297804.039607558),14411815.115323676,5297804.039607558
59,哈尔滨市,126.52901,45.80099936,POINT (14085144.963777019 5748516.375344596),14085144.963777019,5748516.375344596
60,齐齐哈尔市,123.9116429,47.35285251,POINT (13793780.990985954 5999859.9719706215),13793780.990985954,5999859.9719706215
61,鸡西市,130.9619287,45.29292245,POINT (14578615.216188999 5667754.61604774),14578615.216188999,5667754.61604774
62,鹤岗市,130.2898335,47.34821513,POINT (14503797.920760393 5999098.020342985),14503797.920760393,5999098.020342985
63,双鸭山市,131.1334116,46.67389089,POINT (14597704.605296753 5889006.266834373),14597704.605296753,5889006.266834373
64,大庆市,125.0970244,46.58739424,POINT (13925737.05596172 5874984.448871083),13925737.05596172,5874984.448871083
65,伊春市,128.8338097,47.72606495,POINT (14341714.092761507 6061402.198631979),14341714.092761507,6061402.198631979
66,佳木斯市,130.3111234,46.79778051,POINT (14506167.901587438 5909128.942713915),14506167.901587438,5909128.942713915
67,七台河市,130.9953112,45.76895374,POINT (14582331.339090405 5743400.885853399),14582331.339090405,5743400.885853399
68,牡丹江市,129.6258515,44.54951981,POINT (14429883.7826245 5550879.218647856),14429883.7826245,5550879.218647856
69,黑河市,127.5209429,50.24326368,POINT (14195566.429106114 6488511.897418687),14195566.429106114,6488511.897418687
70,绥化市,126.9623911,46.65224576,POINT (14133388.727148449 5885495.310367397),14133388.727148449,5885495.310367397
71,大兴安岭地区,124.1102398,50.40959993,POINT (13815888.696767075 6517515.845658675),13815888.696767075,6517515.845658675
72,上海市,121.4691438,31.23246711,POINT (13521883.234910924 3662976.36596529),13521883.234910924,3662976.36596529
73,南京市,118.7914401,32.06141907,POINT (13223802.62253166 3771375.5374371405),13223802.62253166,3771375.5374371405
74,无锡市,120.3072804,31.4929532,POINT (13392545.19285158 3696935.3447883516),13392545.19285158,3696935.3447883516
75,徐州市,117.2779994,34.2055149,POINT (13055327.174461843 4056431.15178872),13055327.174461843,4056431.15178872
76,常州市,119.9693417,31.81335379,POINT (13354926.02884824 3738835.2706349106),13354926.02884824,3738835.2706349106
77,苏州市,120.5811165,31.30194236,POINT (13423028.488064399 3672024.5034171613),13423028.488064399,3672024.5034171613
78,南通市,120.8903063,31.98343916,POINT (13457447.339158874 3761136.955809313),13457447.339158874,3761136.955809313
79,连云港市,119.2159551,34.59767379,POINT (13271059.416165765 4109340.1454766975),13271059.416165765,4109340.1454766975
80,淮安市,119.1075448,33.55277707,POINT (13258991.23677302 3968907.8358937134),13258991.23677302,3968907.8358937134
81,盐城市,120.1576841,33.34961253,POINT (13375892.208911024 3941801.6553274286),13375892.208911024,3941801.6553274286
82,扬州市,119.4073537,32.39628357,POINT (13292365.81085631 3815442.154225676),13292365.81085631,3815442.154225676
83,镇江市,119.4189943,32.1900185,POINT (13293661.636520837 3788279.434803481),13293661.636520837,3788279.434803481
84,泰州市,119.9181467,32.45891467,POINT (13349227.02751708 3823702.2097682776),13349227.02751708,3823702.2097682776
85,宿迁市,118.2697221,33.96453331,POINT (13165725.240433972 4024040.7098141303),13165725.240433972,4024040.7098141303
86,杭州市,120.206257,30.24845422,POINT (13381299.319405375 3535526.4620493692),13381299.319405375,3535526.4620493692
87,宁波市,121.620438,29.86287669,POINT (13538725.2282149 3485936.069814793),13538725.2282149,3485936.069814793
88,温州市,120.6952209,27.99713123,POINT (13435730.53176967 3248612.10820186),13435730.53176967,3248612.10820186
89,嘉兴市,120.7513035,30.74911367,POINT (13441973.618244031 3600209.461635373),13441973.618244031,3600209.461635373
90,湖州市,120.0820099,30.89622212,POINT (13367468.195500836 3619278.931426241),13367468.195500836,3619278.931426241
91,绍兴市,120.5788056,30.0541863,POINT (13422771.239853123 3510516.89040885),13422771.239853123,3510516.89040885
92,金华市,119.6425602,29.08217132,POINT (13318548.87866758 3386108.7656185194),13318548.87866758,3386108.7656185194
93,衢州市,118.8545122,28.97331428,POINT (13230823.776586922 3372249.978960816),13230823.776586922,3372249.978960816
94,舟山市,122.2032372,29.98798104,POINT (13603602.138393626 3502005.0117965946),13603602.138393626,3502005.0117965946
95,台州市,121.4163618,28.65866672,POINT (13516007.569547873 3332273.2745864256),13516007.569547873,3332273.2745864256
96,丽水市,119.9188441,28.47109948,POINT (13349304.661729958 3308499.540974579),13349304.661729958,3308499.540974579
97,合肥市,117.2217847,31.8225662,POINT (13049069.382682746 3740042.152637657),13049069.382682746,3740042.152637657
98,芜湖市,118.4276839,31.35446618,POINT (13183309.467574764 3678869.3931274503),13183309.467574764,3678869.3931274503
99,蚌埠市,117.3827191,32.91852576,POINT (13066984.51814187 3884494.607282443),13066984.51814187,3884494.607282443
100,淮南市,117.0131034,32.58739222,POINT (13025839.086628668 3840664.374874008),13025839.086628668,3840664.374874008
101,马鞍山市,118.5016711,31.67075666,POINT (13191545.685003983 3720169.4932673303),13191545.685003983,3720169.4932673303
102,淮北市,116.7929652,33.95769136,POINT (13001333.41430052 4023122.423272783),13001333.41430052,4023122.423272783
103,铜陵市,117.8059562,30.94750668,POINT (13114099.056598691 3625933.7613333883),13114099.056598691,3625933.7613333883
104,安庆市,117.1098423,30.5340931,POINT (13036608.011716569 3572388.9382540034),13036608.011716569,3572388.9382540034
105,黄山市,118.3324382,29.71728427,POINT (13172706.764750514 3467260.8913558554),13172706.764750514,3467260.8913558554
106,滁州市,118.3280123,32.25787662,POINT (13172214.07581621 3797208.7453697966),13172214.07581621,3797208.7453697966
107,阜阳市,115.8088814,32.89302995,POINT (12891785.706786612 3881114.070526204),12891785.706786612,3881114.070526204
108,宿州市,116.9588064,33.6492903,POINT (13019794.772237066 3981806.93639619),13019794.772237066,3981806.93639619
109,六安市,116.514647,31.73795761,POINT (12970351.17399802 3728962.429322237),12970351.17399802,3728962.429322237
110,亳州市,115.7730483,33.8477282,POINT (12887796.784341067 4008373.92397093),12887796.784341067,4008373.92397093
111,池州市,117.4902091,30.67663263,POINT (13078950.250207238 3590824.5586953736),13078950.250207238,3590824.5586953736
112,宣城市,118.754004,30.94149897,POINT (13219635.254942372 3625153.9992827955),13219635.254942372,3625153.9992827955
113,福州市,119.2916114,26.07738802,POINT (13279481.436957067 3008668.942480934),13279481.436957067,3008668.942480934
114,厦门市,118.0839329,24.48227394,POINT (13145043.281295083 2812286.379683914),13145043.281295083,2812286.379683914
115,莆田市,119.0029278,25.45698428,POINT (13247345.3256047 2931980.0840156786),13247345.3256047,2931980.0840156786
116,三明市,117.6340192,26.26687995,POINT (13094959.117310166 3032172.8914722293),13094959.117310166,3032172.8914722293
117,泉州市,118.6711772,24.87736027,POINT (13210415.017742338 2860688.5979175726),13210415.017742338,2860688.5979175726
118,漳州市,117.6425113,24.51827558,POINT (13095904.453557933 2816690.625460788),13095904.453557933,2816690.625460788
119,南平市,118.0761286,27.38588324,POINT (13144174.510593086 3171766.0373096964),13144174.510593086,3171766.0373096964
120,龙岩市,117.0124869,25.07864164,POINT (13025770.458162596 2885407.07338821),13025770.458162596,2885407.07338821
121,宁德市,119.5431465,26.66971697,POINT (13307482.196205704 3082267.503487251),13307482.196205704,3082267.503487251
122,南昌市,115.853071,28.68630573,POINT (12896704.87055697 3335780.0473061623),12896704.87055697,3335780.0473061623
123,景德镇市,117.1795857,29.27705135,POINT (13044371.811490763 3410955.943894364),13044371.811490763,3410955.943894364
124,萍乡市,113.8819093,27.66217241,POINT (12677276.153841766 3206447.8394636996),12677276.153841766,3206447.8394636996
125,九江市,115.9485992,29.66384123,POINT (12907339.02113737 3460412.540288791),12907339.02113737,3460412.540288791
126,新余市,114.9118188,27.82201117,POINT (12791925.15494492 3226551.9468404674),12791925.15494492,3226551.9468404674
127,鹰潭市,117.0343358,28.27528189,POINT (13028202.666584987 3283725.079088277),13028202.666584987,3283725.079088277
128,赣州市,114.9287692,25.83432297,POINT (12793812.064841665 2978575.5617027846),12793812.064841665,2978575.5617027846
129,吉安市,114.9619142,27.09467585,POINT (12797501.749364007 3135305.2330894256),12797501.749364007,3135305.2330894256
130,宜春市,114.4115214,27.81934789,POINT (12736232.303131722 3226216.7243685396),12736232.303131722,3226216.7243685396
131,抚州市,116.3530487,27.95211337,POINT (12952362.133528963 3242937.721577883),12952362.133528963,3242937.721577883
132,上饶市,117.938085,28.4585365,POINT (13128807.567333816 3306908.722268777),13128807.567333816,3306908.722268777
133,济南市,117.1140001,36.65163871,POINT (13037070.85589539 4390660.31556243),13037070.85589539,4390660.31556243
134,青岛市,120.3775319,36.06666176,POINT (13400365.554059045 4309797.808494023),13400365.554059045,4309797.808494023
135,淄博市,118.0489134,36.81326243,POINT (13141144.928387249 4413109.843025391),13141144.928387249,4413109.843025391
136,枣庄市,117.3178494,34.81165237,POINT (13059763.256169954 4138314.8202496236),13059763.256169954,4138314.8202496236
137,东营市,118.6689662,37.43331419,POINT (13210168.890348192 4499678.53752491),13210168.890348192,4499678.53752491
138,烟台市,121.4425478,37.46357969,POINT (13518922.581733786 4503922.317457367),13518922.581733786,4503922.317457367
139,潍坊市,119.1558385,36.70722393,POINT (13264367.266865544 4398375.770690751),13264367.266865544,4398375.770690751
140,济宁市,116.581825,35.41556486,POINT (12977829.39475053 4220499.137370067),12977829.39475053,4220499.137370067
141,泰安市,117.0808959,36.20153426,POINT (13033385.713208271 4328387.727238352),13033385.713208271,4328387.727238352
142,威海市,122.115462,37.51228259,POINT (13593831.04782535 4510754.9682768015),13593831.04782535,4510754.9682768015
143,日照市,119.5214215,35.41719958,POINT (13305063.78026822 4220722.431423631),13305063.78026822,4220722.431423631
144,临沂市,118.3507098,35.10416431,POINT (13174740.749958493 4178045.6830567345),13174740.749958493,4178045.6830567345
145,德州市,116.35334,37.43562257,POINT (12952394.560896631 4500002.154402277),12952394.560896631,4500002.154402277
146,聊城市,115.9795582,36.45577017,POINT (12910785.361252835 4363517.235246878),12910785.361252835,4363517.235246878
147,滨州市,117.9648275,37.38203742,POINT (13131784.528816355 4492492.505240333),13131784.528816355,4492492.505240333
148,菏泽市,115.4737951,35.23470144,POINT (12854484.07049881 4195822.051147703),12854484.07049881,4195822.051147703
149,郑州市,113.6193044,34.7474859,POINT (12648043.110093947 4129618.215488453),12648043.110093947,4129618.215488453
150,开封市,114.3084234,34.79896293,POINT (12724755.486269915 4136594.4593842),12724755.486269915,4136594.4593842
151,洛阳市,112.4476443,34.62072772,POINT (12517614.50437915 4112458.2632553163),12517614.50437915,4112458.2632553163
152,平顶山市,113.1863261,33.7679899,POINT (12599844.186213411 3997691.1207722607),12599844.186213411,3997691.1207722607
153,安阳市,114.3863901,36.098605,POINT (12733434.69961275 4314197.7641866915),12733434.69961275,4314197.7641866915
154,鹤壁市,114.2913757,35.74839753,POINT (12722857.74498672 4266056.259214591),12722857.74498672,4266056.259214591
155,新乡市,113.9208847,35.30417395,POINT (12681614.87552323 4205294.383826081),12681614.87552323,4205294.383826081
156,焦作市,113.2355373,35.21623793,POINT (12605322.351938738 4193305.9815036557),12605322.351938738,4193305.9815036557
157,濮阳市,115.0233556,35.76273451,POINT (12804341.37472563 4268022.927672548),12804341.37472563,4268022.927672548
158,许昌市,113.8461307,34.03887712,POINT (12673293.29830847 4034023.4688558015),12673293.29830847,4034023.4688558015
159,漯河市,114.0106749,33.58186766,POINT (12691610.274865456 3972794.3061420443),12691610.274865456,3972794.3061420443
160,三门峡市,111.1944884,34.7741834,POINT (12378113.827706564 4133235.7572774324),12378113.827706564,4133235.7572774324
161,南阳市,112.5227068,32.9922183,POINT (12525970.423656821 3894271.118415631),12525970.423656821,3894271.118415631
162,商丘市,115.6508492,34.41653095,POINT (12874193.64275367 4084870.0296567297),12874193.64275367,4084870.0296567297
163,信阳市,114.085171,32.1505687,POINT (12699903.142783541 3783091.3770428486),12699903.142783541,3783091.3770428486
164,周口市,114.6957389,33.63619922,POINT (12767871.250506258 3980056.452210977),12767871.250506258,3980056.452210977
165,驻马店市,114.0161046,33.015849,POINT (12692214.706304617 3897407.8420630815),12692214.706304617,3897407.8420630815
166,济源市,112.5964105,35.06992408,POINT (12534175.082010403 4173387.611984853),12534175.082010403,4173387.611984853
167,武汉市,114.2991253,30.59576481,POINT (12723720.426512571 3580362.036666321),12723720.426512571,3580362.036666321
168,黄石市,115.0336099,30.20350323,POINT (12805482.878180074 3529735.198799883),12805482.878180074,3529735.198799883
169,十堰市,110.7936018,32.63124796,POINT (12333487.335528718 3846459.962693747),12333487.335528718,3846459.962693747
170,宜昌市,111.2813014,30.69460826,POINT (12387777.806660801 3593151.4001543857),12387777.806660801,3593151.4001543857
171,襄阳市,112.1156613,32.01211749,POINT (12480658.325867128 3764901.3411294078),12480658.325867128,3764901.3411294078
172,鄂州市,114.8898681,30.39415688,POINT (12789481.614198366 3554316.31977619),12789481.614198366,3554316.31977619
173,荆门市,112.1931806,31.03765933,POINT (12489287.73486978 3637640.8906300673),12489287.73486978,3637640.8906300673
174,孝感市,113.9514382,30.92073233,POINT (12685016.075585183 3622459.0006371364),12685016.075585183,3622459.0006371364
175,荆州市,112.2357205,30.33883907,POINT (12494023.254876176 3547179.2269581603),12494023.254876176,3547179.2269581603
176,黄冈市,114.8673627,30.45638767,POINT (12786976.324530264 3562350.156841779),12786976.324530264,3562350.156841779
177,咸宁市,114.3171943,29.84381529,POINT (12725731.858391715 3483489.512018841),12725731.858391715,3483489.512018841
178,随州市,113.3761067,31.69214889,POINT (12620970.46596785 3722967.8773818947),12620970.46596785,3722967.8773818947
179,恩施土家族苗族自治州,109.483206,30.27467285,POINT (12187614.742335074 3538905.563958781),12187614.742335074,3538905.563958781
180,仙桃市,113.4369243,30.33080156,POINT (12627740.650231121 3546142.564742694),12627740.650231121,3546142.564742694
181,潜江市,112.8946969,30.40467719,POINT (12567380.17216896 3555674.10528844),12567380.17216896,3555674.10528844
182,天门市,113.160526,30.66605056,POINT (12596972.132218994 3589454.9733739775),12596972.132218994,3589454.9733739775
183,神农架林区,110.6707861,31.74728789,POINT (12319815.554343298 3730183.757671744),12319815.554343298,3730183.757671744
184,长沙市,112.933432,28.23181145,POINT (12571692.143776786 3278231.4711014614),12571692.143776786,3278231.4711014614
185,株洲市,113.1269527,27.83200163,POINT (12593234.769558745 3227809.502143304),12593234.769558745,3227809.502143304
186,湘潭市,112.9400052,27.83480661,POINT (12572423.86905367 3228162.601540703),12572423.86905367,3228162.601540703
187,衡阳市,112.5667809,26.89780145,POINT (12530876.730025994 3110709.1827362226),12530876.730025994,3110709.1827362226
188,邵阳市,111.4622915,27.24277281,POINT (12407925.532431426 3153835.8836308047),12407925.532431426,3153835.8836308047
189,岳阳市,113.1229579,29.35903584,POINT (12592790.070456924 3421423.101551646),12592790.070456924,3421423.101551646
190,常德市,111.6934394,29.03446997,POINT (12433656.798957359 3380034.021678073),12433656.798957359,3380034.021678073
191,张家界市,110.4739436,29.1202066,POINT (12297903.147476824 3390954.5559985144),12297903.147476824,3390954.5559985144
192,益阳市,112.3502833,28.55800079,POINT (12506776.327436028 3319508.8229489056),12506776.327436028,3319508.8229489056
193,郴州市,113.0100065,25.77307268,POINT (12580216.378124537 2971002.061586335),12580216.378124537,2971002.061586335
194,永州市,111.6082361,26.42344711,POINT (12424172.010987453 3051621.911603103),12424172.010987453,3051621.911603103
195,怀化市,109.9969076,27.57312105,POINT (12244799.742866764 3195259.9468382336),12244799.742866764,3195259.9468382336
196,娄底市,111.9889506,27.70315142,POINT (12466552.95526507 3211599.263792742),12466552.95526507,3211599.263792742
197,湘西土家族苗族自治州,109.7326965,28.31598291,POINT (12215387.897752834 3288870.732189527),12215387.897752834,3288870.732189527
198,广州市,113.2591693,23.13273722,POINT (12607953.054145161 2648078.8712992766),12607953.054145161,2648078.8712992766
199,韶关市,113.5921343,24.81403762,POINT (12645018.548397146 2852920.5634589526),12645018.548397146,2852920.5634589526
200,深圳市,114.0528249,22.54624409,POINT (12696302.391402394 2577235.992162369),12696302.391402394,2577235.992162369
201,珠海市,113.5718532,22.27465991,POINT (12642760.866672417 2544533.537890579),12642760.866672417,2544533.537890579
202,汕头市,116.6774881,23.35680908,POINT (12988478.562330237 2675226.07226613),12988478.562330237,2675226.07226613
203,佛山市,113.1161032,23.02390428,POINT (12592027.008743383 2634909.7119764127),12592027.008743383,2634909.7119764127
204,江门市,113.0760986,22.58163919,POINT (12587573.717041994 2581502.7705992376),12587573.717041994,2581502.7705992376
205,湛江市,110.3530451,21.27249285,POINT (12284444.788019154 2424400.2665674184),12284444.788019154,2424400.2665674184
206,茂名市,110.9210208,21.66550359,POINT (12347671.553726105 2471412.009332816),12347671.553726105,2471412.009332816
207,肇庆市,112.4599904,23.05036818,POINT (12518988.865944434 2638110.9544658507),12518988.865944434,2638110.9544658507
208,惠州市,114.4106185,23.11486532,POINT (12736131.792763485 2645915.5781259756),12736131.792763485,2645915.5781259756
209,梅州市,116.1172196,24.29145899,POINT (12926109.758202726 2788964.0890460736),12926109.758202726,2788964.0890460736
210,汕尾市,115.3706153,22.78983795,POINT (12842998.147702657 2606622.801112073),12842998.147702657,2606622.801112073
211,河源市,114.6955151,23.74692674,POINT (12767846.337204218 2722600.213686406),12767846.337204218,2722600.213686406
212,阳江市,111.978351,21.85957982,POINT (12465373.013190456 2494674.440313701),12465373.013190456,2494674.440313701
213,清远市,113.050616,23.6845243,POINT (12584737.006985907 2715012.871291507),12584737.006985907,2715012.871291507
214,东莞市,113.746691,23.02373844,POINT (12662223.721539835 2634889.6528919926),12662223.721539835,2634889.6528919926
215,中山市,113.3870348,22.5197135,POINT (12622186.97649519 2574038.5226970073),12622186.97649519,2574038.5226970073
216,潮州市,116.6175368,23.66040886,POINT (12981804.814141843 2712081.712272516),12981804.814141843,2712081.712272516
217,揭阳市,116.3680228,23.55336548,POINT (12954029.04271605 2699077.42645599),12954029.04271605,2699077.42645599
218,云浮市,112.0392034,22.91782059,POINT (12472147.071372006 2622083.4487730786),12472147.071372006,2622083.4487730786
219,南宁市,108.3623356,22.82038611,POINT (12062840.02016182 2610311.779485742),12062840.02016182,2610311.779485742
220,柳州市,109.423471,24.32914249,POINT (12180965.072552538 2793567.1542980787),12180965.072552538,2793567.1542980787
221,桂林市,110.1751278,25.23840009,POINT (12264639.124779839 2905055.232484362),12264639.124779839,2905055.232484362
222,梧州市,111.2739143,23.47932461,POINT (12386955.478450362 2690088.685369524),12386955.478450362,2690088.685369524
223,北海市,109.1159551,21.48369266,POINT (12146732.559153702 2449648.110613942),12146732.559153702,2449648.110613942
224,防城港市,108.3506746,21.68921758,POINT (12061541.923579682 2474252.739036748),12061541.923579682,2474252.739036748
225,钦州市,108.6505975,21.98377918,POINT (12094929.188084923 2509577.84310043),12094929.188084923,2509577.84310043
226,贵港市,109.5947121,23.1147211,POINT (12200027.544607416 2645898.1222763574),12200027.544607416,2645898.1222763574
227,玉林市,110.1765026,22.65680338,POINT (12264792.166815784 2590567.2383491513),12264792.166815784,2590567.2383491513
228,百色市,106.6152785,23.90597376,POINT (11868358.513403049 2741954.7812524484),11868358.513403049,2741954.7812524484
229,贺州市,111.5621031,24.40721914,POINT (12419036.508918686 2803108.6302277525),12419036.508918686,2803108.6302277525
230,河池市,108.080991,24.69565823,POINT (12031520.882552383 2838409.139234383),12031520.882552383,2838409.139234383
231,来宾市,109.2169412,23.75274377,POINT (12157974.280382901 2723307.6755869994),12157974.280382901,2723307.6755869994
232,崇左市,107.3608171,22.37988818,POINT (11951351.490721779 2557196.8812409653),11951351.490721779,2557196.8812409653
233,海口市,110.1941231,20.04791813,POINT (12266753.671903305 2278708.3521008394),12266753.671903305,2278708.3521008394
234,三亚市,109.5076242,18.25456966,POINT (12190332.963925162 2067367.1022695168),12190332.963925162,2067367.1022695168
235,三沙市,112.333737,16.8326352,POINT (12504934.401745515 1901351.461134112),12504934.401745515,1901351.461134112
236,儋州市,109.5768024,19.5229217,POINT (12198033.845923157 2216599.2701502256),12198033.845923157,2216599.2701502256
237,五指山市,109.512689,18.77662265,POINT (12190896.77488213 2128654.4216996483),12190896.77488213,2128654.4216996483
238,琼海市,110.4701752,19.26075935,POINT (12297483.651107717 2185660.289180829),12297483.651107717,2185660.289180829
239,文昌市,110.793037,19.54607362,POINT (12333424.462280318 2219333.9365997734),12333424.462280318,2219333.9365997734
240,万宁市,110.3881938,18.79525459,POINT (12288357.523405198 2130845.2276976104),12288357.523405198,2130845.2276976104
241,东方市,108.6482117,19.09704416,POINT (12094663.602043789 2166364.630802687),12094663.602043789,2166364.630802687
242,定安县,110.3535917,19.68294478,POINT (12284505.63525282 2235508.9658939103),12284505.63525282,2235508.9658939103
243,屯昌县,110.0972652,19.35321494,POINT (12255971.499795998 2196565.7138910056),12255971.499795998,2196565.7138910056
244,澄迈县,110.0032463,19.74077995,POINT (12245505.363723056 2242347.9047112297),12245505.363723056,2242347.9047112297
245,临高县,109.686338,19.91413609,POINT (12210227.293138893 2262861.9374034386),12210227.293138893,2262861.9374034386
246,白沙黎族自治县,109.4385966,19.22321617,POINT (12182648.84664248 2181233.7111343765),12182648.84664248,2181233.7111343765
247,昌江黎族自治县,109.0516679,19.29972616,POINT (12139576.140785178 2190255.7942475104),12139576.140785178,2190255.7942475104
248,乐东黎族自治县,109.1692854,18.75171933,POINT (12152669.260993555 2125726.5839479268),12152669.260993555,2125726.5839479268
249,陵水黎族自治县,110.0332757,18.50767101,POINT (12248848.221239883 2097057.0243419243),12248848.221239883,2097057.0243419243
250,保亭黎族苗族自治县,109.6961527,18.64212844,POINT (12211319.860545183 2112847.307860065),12211319.860545183,2112847.307860065
251,琼中黎族苗族自治县,109.8343472,19.03510797,POINT (12226703.601915613 2159069.7460182533),12226703.601915613,2159069.7460182533
252,重庆市,106.5467633,29.56655324,POINT (11860731.436227448 3447955.0965910945),11860731.436227448,3447955.0965910945
253,成都市,104.0637964,30.5754155,POINT (11584328.825262895 3577730.6581932865),11584328.825262895,3577730.6581932865
254,自贡市,104.7766109,29.34210026,POINT (11663678.972432956 3419260.2056185673),11663678.972432956,3419260.2056185673
255,攀枝花市,101.7168857,26.5859851,POINT (11323071.921201611 3071840.5988948587),11323071.921201611,3071840.5988948587
256,泸州市,105.4382741,28.87401764,POINT (11737334.982933605 3359621.054305266),11737334.982933605,3359621.054305266
257,德阳市,104.395113,31.12958969,POINT (11621210.820466254 3649590.2920373296),11621210.820466254,3649590.2920373296
258,绵阳市,104.6765103,31.46994909,POINT (11652535.824612856 3693932.556329467),11652535.824612856,3693932.556329467
259,广元市,105.8402995,32.43817464,POINT (11782088.245747568 3820966.2911381433),11782088.245747568,3820966.2911381433
260,遂宁市,105.5891927,30.53547443,POINT (11754135.16463684 3572567.4651606036),11754135.16463684,3572567.4651606036
261,内江市,105.054766,29.58278692,POINT (11694643.05652651 3450032.9367081183),11694643.05652651,3450032.9367081183
262,乐山市,103.7638764,29.55503153,POINT (11550941.883584177 3446480.570687809),11550941.883584177,3446480.570687809
263,南充市,106.1065457,30.83951743,POINT (11811726.637157211 3611924.9180184933),11811726.637157211,3611924.9180184933
264,眉山市,103.8463151,30.07993448,POINT (11560118.917689836 3513828.8192042517),11560118.917689836,3513828.8192042517
265,宜宾市,104.640444,28.75578247,POINT (11648520.942462059 3344599.1842354317),11648520.942462059,3344599.1842354317
266,广安市,106.6288565,30.459131,POINT (11869870.009449039 3562704.4317830247),11869870.009449039,3562704.4317830247
267,达州市,107.4631241,31.21142365,POINT (11962740.253866365 3660237.0757356216),11962740.253866365,3660237.0757356216
268,雅安市,103.0395613,30.01258177,POINT (11470311.495478299 3505167.215267025),11470311.495478299,3505167.215267025
269,巴中市,106.7434034,31.87003444,POINT (11882621.312028987 3746262.6922786823),11882621.312028987,3746262.6922786823
270,资阳市,104.6248617,30.13208353,POINT (11646786.32876067 3520539.273431646),11646786.32876067,3520539.273431646
271,阿坝藏族羌族自治州,102.2228596,31.90167155,POINT (11379396.678104298 3750410.399475788),11379396.678104298,3750410.399475788
272,甘孜藏族自治州,101.9607908,30.05234063,POINT (11350223.312735492 3510279.51923552),11350223.312735492,3510279.51923552
273,凉山彝族自治州,102.2662182,27.88482772,POINT (11384223.335377807 3234460.944702149),11384223.335377807,3234460.944702149
274,贵阳市,106.6246361,26.65036573,POINT (11869400.196670095 3079857.066554936),11869400.196670095,3079857.066554936
275,六盘水市,104.8278191,26.59615766,POINT (11669379.443181397 3073106.9529615985),11669379.443181397,3073106.9529615985
276,遵义市,107.027727,27.72519719,POINT (11914272.070401497 3214371.41247903),11914272.070401497,3214371.41247903
277,安顺市,105.9442342,26.25663284,POINT (11793658.203627318 3030900.895483013),11793658.203627318,3030900.895483013
278,毕节市,105.2883073,27.28698351,POINT (11720640.75512171 3159372.5274451696),11720640.75512171,3159372.5274451696
279,铜仁市,109.184949,27.73482704,POINT (12154412.924969545 3215582.495325852),12154412.924969545,3215582.495325852
280,黔西南布依族苗族自治州,104.9039523,25.09084201,POINT (11677854.552237859 2886906.6498170546),11677854.552237859,2886906.6498170546
281,黔东南苗族侗族自治州,107.9787015,26.58729486,POINT (12020134.067498885 3072003.6410094225),12020134.067498885,3072003.6410094225
282,黔南布依族苗族自治州,107.5181394,26.25657531,POINT (11968864.529048204 3030893.75447616),11968864.529048204,3030893.75447616
283,昆明市,102.8322539,24.88456051,POINT (11447234.14127262 2861572.131093492),11447234.14127262,2861572.131093492
284,曲靖市,103.794265,25.49386797,POINT (11554324.727062097 2936528.1686835387),11554324.727062097,2936528.1686835387
285,玉溪市,102.5253706,24.34980001,POINT (11413072.048583662 2796091.065219104),11413072.048583662,2796091.065219104
286,保山市,99.16057007,25.11487459,POINT (11038504.166963125 2889860.988705529),11038504.166963125,2889860.988705529
287,昭通市,103.7149854,27.34161025,POINT (11545499.362359803 3166216.6493911413),11545499.362359803,3166216.6493911413
288,丽江市,100.2248026,26.85871038,POINT (11156973.990288362 3105830.540855236),11156973.990288362,3105830.540855236
289,普洱市,100.9648357,22.82822175,POINT (11239354.098150529 2611258.140226374),11239354.098150529,2611258.140226374
290,临沧市,100.0875852,23.88676238,POINT (11141699.019192385 2739615.670797417),11141699.019192385,2739615.670797417
291,楚雄彝族自治州,101.5268349,25.04871691,POINT (11301915.562920757 2881729.5863421382),11301915.562920757,2881729.5863421382
292,红河哈尼族彝族自治州,103.3728489,23.36564308,POINT (11507412.901398009 2676297.2831092947),11507412.901398009,2676297.2831092947
293,文山壮族苗族自治州,104.2135688,23.40363346,POINT (11601001.41256578 2680904.8103124322),11601001.41256578,2680904.8103124322
294,西双版纳傣族自治州,100.7958784,22.01189695,POINT (11220545.857548723 2512953.665651596),11220545.857548723,2512953.665651596
295,大理白族自治州,100.2665097,25.60958163,POINT (11161616.803422825 2950805.7592694354),11161616.803422825,2950805.7592694354
296,德宏傣族景颇族自治州,98.58546814,24.43631797,POINT (10974484.112961296 2806666.2054091254),10974484.112961296,2806666.2054091254
297,怒江傈僳族自治州,98.85620765,25.82087078,POINT (11004622.697352117 2976911.8844288015),11004622.697352117,2976911.8844288015
298,迪庆藏族自治州,99.70101731,27.82264468,POINT (11098666.478520554 3226631.686864964),11098666.478520554,3226631.686864964
299,拉萨市,91.17045622,29.65627983,POINT (10149048.761800842 3459443.893807739),10149048.761800842,3459443.893807739
300,日喀则市,88.87838796,29.27010322,POINT (9893896.890234217 3410069.245685522),9893896.890234217,3410069.245685522
301,昌都市,97.16988613,31.14520097,POINT (10816902.244431976 3651620.645226433),10816902.244431976,3651620.645226433
302,林芝市,94.36027067,29.65144004,POINT (10504137.282099867 3458823.934980129),10504137.282099867,3458823.934980129
303,山南市,91.77021222,29.24080385,POINT (10215813.29432105 3406330.816097214),10215813.29432105,3406330.816097214
304,那曲市,92.05023009,31.48014348,POINT (10246984.741022468 3695263.1664350526),10246984.741022468,3695263.1664350526
305,阿里地区,80.10357012,32.50346887,POINT (8917088.636481684 3829581.7030542134),8917088.636481684,3829581.7030542134
306,西安市,108.9349896,34.34476197,POINT (12126587.571842551 4075189.615485625),12126587.571842551,4075189.615485625
307,铜川市,108.9403998,34.89821737,POINT (12127189.832551641 4150057.879387037),12127189.832551641,4150057.879387037
308,宝鸡市,107.2329895,34.36428117,POINT (11937121.787380451 4077821.6022624443),11937121.787380451,4077821.6022624443
309,咸阳市,108.7041644,34.33133837,POINT (12100892.228116296 4073379.9205382527),12100892.228116296,4073379.9205382527
310,渭南市,109.4656925,34.5218316,POINT (12185665.148433065 4099088.3471925217),12185665.148433065,4099088.3471925217
311,延安市,109.4892869,36.64998978,POINT (12188291.665026639 4390431.522460013),12188291.665026639,4390431.522460013
312,汉中市,107.0186688,33.0682607,POINT (11913263.716189994 3904367.938569474),11913263.716189994,3904367.938569474
313,榆林市,109.7285205,38.28524221,POINT (12214923.02755928 4619799.706923541),12214923.02755928,4619799.706923541
314,安康市,109.0241521,32.68750551,POINT (12136513.095940407 3853898.6250527534),12136513.095940407,3853898.6250527534
315,商洛市,109.9136886,33.87506057,POINT (12235535.846162438 4012038.025478168),12235535.846162438,4012038.025478168
316,兰州市,103.8318248,36.06112521,POINT (11558505.864872396 4309035.369545766),11558505.864872396,4309035.369545766
317,嘉峪关市,98.28760244,39.7724188,POINT (10941325.854912512 4832925.703587773),10941325.854912512,4832925.703587773
318,金昌市,102.1859827,38.52102999,POINT (11375291.560374262 4653293.614452493),11375291.560374262,4653293.614452493
319,白银市,104.1360551,36.54503187,POINT (11592372.62695228 4375878.416753485),11592372.62695228,4375878.416753485
320,天水市,105.7208912,34.58283154,POINT (11768795.774595076 4107333.141625283),11768795.774595076,4107333.141625283
321,武威市,102.6361047,37.92869446,POINT (11425398.912209112 4569357.622922505),11425398.912209112,4569357.622922505
322,张掖市,100.4481562,38.92412843,POINT (11181837.599307206 4710809.440825609),11181837.599307206,4710809.440825609
323,平凉市,106.6606902,35.54288369,POINT (11873413.720723106 4237903.804139509),11873413.720723106,4237903.804139509
324,酒泉市,98.49368558,39.73259319,POINT (10964266.925118392 4827159.201384667),10964266.925118392,4827159.201384667
325,庆阳市,107.6386901,35.70985519,POINT (11982284.171586977 4260770.987340053),11982284.171586977,4260770.987340053
326,定西市,104.5897219,35.60849101,POINT (11642874.584118094 4246883.204008762),11642874.584118094,4246883.204008762
327,陇南市,104.9572902,33.37207924,POINT (11683792.100105843 3944796.041501715),11683792.100105843,3944796.041501715
328,临夏回族自治州,103.2081434,35.60215126,POINT (11489077.969007157 4246015.187759734),11489077.969007157,4246015.187759734
329,甘南藏族自治州,102.9100125,34.98440389,POINT (11455890.189029418 4161761.896943007),11455890.189029418,4161761.896943007
330,西宁市,101.775862,36.61670253,POINT (11329637.132886482 4385813.881580014),11329637.132886482,4385813.881580014
331,海东市,102.4086211,36.47339166,POINT (11400075.553693293 4365956.374465999),11400075.553693293,4365956.374465999
332,海北藏族自治州,100.8994897,36.95465787,POINT (11232079.814705152 4432788.562124131),11232079.814705152,4432788.562124131
333,黄南藏族自治州,102.0135111,35.51973072,POINT (11356092.109685961 4234736.7079159925),11356092.109685961,4234736.7079159925
334,海南藏族自治州,100.6213653,36.296796,POINT (11201119.148119966 4341537.269774449),11201119.148119966,4341537.269774449
335,果洛藏族自治州,100.2438205,34.47365793,POINT (11159091.053232318 4092581.4266128456),11159091.053232318,4092581.4266128456
336,玉树藏族自治州,97.00586132,33.00844696,POINT (10798643.086105313 3896425.2097342983),10798643.086105313,3896425.2097342983
337,海西蒙古族藏族自治州,97.33125441,37.34770907,POINT (10834865.679191763 4487684.405288595),10834865.679191763,4487684.405288595
338,银川市,106.2265781,38.48732343,POINT (11825088.582803905 4648498.858890987),11825088.582803905,4648498.858890987
339,石嘴山市,106.3780812,38.98379032,POINT (11841953.830749508 4719349.940904153),11841953.830749508,4719349.940904153
340,吴忠市,106.1942143,37.99721201,POINT (11821485.86106777 4579031.970874227),11821485.86106777,4579031.970874227
341,固原市,106.2384747,36.01646433,POINT (11826412.906258076 4302887.075014306),11826412.906258076,4302887.075014306
342,中卫市,105.1930022,37.49963062,POINT (11710031.439919705 4508979.563595744),11710031.439919705,4508979.563595744
343,乌鲁木齐市,87.61397404,43.82417146,POINT (9753142.97650789 5438272.507916601),9753142.97650789,5438272.507916601
344,克拉玛依市,84.88683461,45.57690761,POINT (9449559.20383803 5712805.671069284),9449559.20383803,5712805.671069284
345,吐鲁番市,89.18753374,42.94918507,POINT (9928310.841044705 5304240.492055698),9928310.841044705,5304240.492055698
346,哈密市,93.51345509,42.81783331,POINT (10409870.202938456 5284285.195697165),10409870.202938456,5284285.195697165
347,昌吉回族自治州,87.30588156,44.00972568,POINT (9718846.278517054 5466947.378078782),9718846.278517054,5466947.378078782
348,博尔塔拉蒙古自治州,82.06308108,44.90501765,POINT (9135220.398752723 5606580.832838206),9135220.398752723,5606580.832838206
349,巴音郭楞蒙古自治州,86.14264545,41.76261067,POINT (9589355.427079504 5125485.737152565),9589355.427079504,5125485.737152565
350,阿克苏地区,80.26289703,41.1697266,POINT (8934824.82697255 5037408.623840033),8934824.82697255,5037408.623840033
351,克孜勒苏柯尔克孜自治州,76.16428674,39.71431955,POINT (8478569.616529677 4824514.406353967),8478569.616529677,4824514.406353967
352,喀什地区,75.98679119,39.47026511,POINT (8458810.902285606 4789258.631093638),8458810.902285606,4789258.631093638
353,和田地区,79.91972913,37.11474701,POINT (8896623.551087951 4455113.132405002),8896623.551087951,4455113.132405002
354,伊犁哈萨克自治州,81.32064308,43.91585532,POINT (9052572.578647146 5452429.820591976),9052572.578647146,5452429.820591976
355,塔城地区,82.97715149,46.74465372,POINT (9236974.25134312 5900494.202257669),9236974.25134312,5900494.202257669
356,阿勒泰地区,88.13790065,47.84362113,POINT (9811466.219946137 6080878.281212844),9811466.219946137,6080878.281212844
357,石河子市,86.07755739,44.30413694,POINT (9582109.85738358 5512629.34282829),9582109.85738358,5512629.34282829
358,阿拉尔市,81.27774652,40.54664033,POINT (9047797.355431162 4945699.453664436),9047797.355431162,4945699.453664436
359,图木舒克市,79.07255614,39.8672186,POINT (8802316.685227338 4846665.567660353),8802316.685227338,4846665.567660353
360,五家渠市,87.53990476,44.16543992,POINT (9744897.621974865 5491080.188738276),9744897.621974865,5491080.188738276
361,北屯市,87.8001,47.3633,POINT (9773862.423598498 6001576.807749364),9773862.423598498,6001576.807749364
362,铁门关市,85.66779088,41.86174462,POINT (9536494.858146245 5140291.904192697),9536494.858146245,5140291.904192697
363,双河市,82.355,44.8442,POINT (9167716.664280046 5597027.222296321),9167716.664280046,5597027.222296321
364,可克达拉市,81.0448,43.948,POINT (9021865.867442697 5457398.5867744135),9021865.867442697,5457398.5867744135
365,昆玉市,79.2913,37.2095,POINT (8826667.140336692 4468348.755079802),8826667.140336692,4468348.755079802
366,台湾省,120.9605,23.6978,POINT (13465261.266099768 2716626.7235309104),13465261.266099768,2716626.7235309104
367,香港特别行政区,114.1694,22.3193,POINT (12709279.472173568 2549904.433526915),12709279.472173568,2549904.433526915
368,澳门特别行政区,113.5439,22.1987,POINT (12639649.130682375 2535398.3186673545),12639649.130682375,2535398.3186673545
